.gitignore
.travis.yml
docs/ActivityLogsList200Response.md
docs/ActivityLogsList200ResponseLogsInner.md
docs/ActivityLogsList200ResponseLogsInnerUser.md
docs/ActivityLogsRetrieve200Response.md
docs/AuditGetUser200Response.md
docs/AuditGetUser200ResponseWorkplaceUser.md
docs/AuditGetUser200ResponseWorkplaceUserUser.md
docs/AuthMe200Response.md
docs/AuthMe200ResponseWorkplace.md
docs/AuthOidc200Response.md
docs/AuthOidcRequest.md
docs/AuthRevokeRequest.md
docs/ChangeRequestPoliciesGet200Response.md
docs/ChangeRequestPoliciesGet200ResponsePolicy.md
docs/ChangeRequestPoliciesGet200ResponsePolicyTargets.md
docs/ChangeRequestPoliciesList200Response.md
docs/ChangeRequestPoliciesList200ResponsePoliciesInner.md
docs/ChangeRequestPoliciesUpdate200Response.md
docs/ChangeRequestPoliciesUpdate200ResponsePolicy.md
docs/ChangeRequestPoliciesUpdateRequest.md
docs/ChangeRequestPoliciesUpdateRequestRulesInner.md
docs/ChangeRequestPoliciesUpdateRequestRulesInnerSubjectsInner.md
docs/ChangeRequestPoliciesUpdateRequestTargets.md
docs/ConfigLogsGet200Response.md
docs/ConfigLogsGet200ResponseLog.md
docs/ConfigLogsGet200ResponseLogDiffInner.md
docs/ConfigLogsList200Response.md
docs/ConfigLogsList200ResponseLogsInner.md
docs/ConfigLogsList200ResponseLogsInnerUser.md
docs/ConfigLogsRollback200Response.md
docs/ConfigLogsRollback200ResponseLog.md
docs/ConfigLogsRollback200ResponseLogDiffInner.md
docs/ConfigsAddTrustedIp200Response.md
docs/ConfigsAddTrustedIpRequest.md
docs/ConfigsCloneRequest.md
docs/ConfigsCreateRequest.md
docs/ConfigsDelete200Response.md
docs/ConfigsGet200Response.md
docs/ConfigsGet200ResponseConfig.md
docs/ConfigsInheritable200Response.md
docs/ConfigsInheritable200ResponseConfig.md
docs/ConfigsInheritableRequest.md
docs/ConfigsInherits200Response.md
docs/ConfigsInherits200ResponseConfig.md
docs/ConfigsInherits200ResponseConfigInheritsInner.md
docs/ConfigsInheritsRequest.md
docs/ConfigsInheritsRequestInheritsInner.md
docs/ConfigsList200Response.md
docs/ConfigsList200ResponseConfigsInner.md
docs/ConfigsListTrustedIps200Response.md
docs/ConfigsLock200Response.md
docs/ConfigsLock200ResponseConfig.md
docs/ConfigsUnlockRequest.md
docs/ConfigsUpdate200Response.md
docs/ConfigsUpdate200ResponseConfig.md
docs/ConfigsUpdateRequest.md
docs/DefaultApi.md
docs/DynamicSecretsIssueLease200Response.md
docs/DynamicSecretsIssueLeaseRequest.md
docs/DynamicSecretsRevokeLeaseRequest.md
docs/EnvironmentsCreate200Response.md
docs/EnvironmentsCreateRequest.md
docs/EnvironmentsList200Response.md
docs/EnvironmentsList200ResponseEnvironmentsInner.md
docs/EnvironmentsRenameRequest.md
docs/GroupsAddMemberRequest.md
docs/GroupsCreateRequest.md
docs/GroupsGet200Response.md
docs/GroupsGet200ResponseGroup.md
docs/GroupsGet200ResponseGroupDefaultProjectRole.md
docs/GroupsGet200ResponseGroupMembersInner.md
docs/GroupsGet200ResponseGroupProjectsInner.md
docs/GroupsGet200ResponseGroupProjectsInnerRole.md
docs/GroupsList200Response.md
docs/GroupsList200ResponseGroupsInner.md
docs/GroupsUpdateRequest.md
docs/IntegrationsCreateRequest.md
docs/IntegrationsGet200Response.md
docs/IntegrationsGet200ResponseIntegration.md
docs/IntegrationsList200Response.md
docs/IntegrationsList200ResponseIntegrationsInner.md
docs/IntegrationsUpdateRequest.md
docs/InvitesList200Response.md
docs/InvitesList200ResponseInvitesInner.md
docs/InvitesList200ResponseInvitesInnerWorkplaceRole.md
docs/ProjectMembersAdd200Response.md
docs/ProjectMembersAddRequest.md
docs/ProjectMembersList200Response.md
docs/ProjectMembersList200ResponseMembersInner.md
docs/ProjectMembersList200ResponseMembersInnerRole.md
docs/ProjectMembersUpdateRequest.md
docs/ProjectRolesCreateRequest.md
docs/ProjectRolesGet200Response.md
docs/ProjectRolesGet200ResponseRole.md
docs/ProjectRolesList200Response.md
docs/ProjectRolesListPermissions200Response.md
docs/ProjectRolesUpdate200Response.md
docs/ProjectRolesUpdate200ResponseRole.md
docs/ProjectRolesUpdateRequest.md
docs/ProjectsCreate200Response.md
docs/ProjectsCreate200ResponseProject.md
docs/ProjectsCreateRequest.md
docs/ProjectsDeleteRequest.md
docs/ProjectsList200Response.md
docs/ProjectsList200ResponseProjectsInner.md
docs/ProjectsUpdateRequest.md
docs/SecretsDownload200Response.md
docs/SecretsGet200Response.md
docs/SecretsList200Response.md
docs/SecretsList200ResponseSecrets.md
docs/SecretsList200ResponseSecretsAlgolia.md
docs/SecretsList200ResponseSecretsDatabase.md
docs/SecretsList200ResponseSecretsStripe.md
docs/SecretsList200ResponseSecretsUser.md
docs/SecretsNames200Response.md
docs/SecretsUpdate200Response.md
docs/SecretsUpdate200ResponseSecrets.md
docs/SecretsUpdate200ResponseSecretsAlgolia.md
docs/SecretsUpdate200ResponseSecretsDatabase.md
docs/SecretsUpdate200ResponseSecretsStripe.md
docs/SecretsUpdateNote200Response.md
docs/SecretsUpdateNoteRequest.md
docs/SecretsUpdateRequest.md
docs/SecretsUpdateRequestChangeRequestsInner.md
docs/SecretsUpdateRequestChangeRequestsInnerOriginalValueType.md
docs/SecretsUpdateRequestChangeRequestsInnerValueType.md
docs/SecretsUpdateRequestSecrets.md
docs/ServiceAccountTokensCreate200Response.md
docs/ServiceAccountTokensCreate200ResponseApiToken.md
docs/ServiceAccountTokensCreateRequest.md
docs/ServiceAccountTokensGet200Response.md
docs/ServiceAccountTokensGet200ResponseApiToken.md
docs/ServiceAccountTokensGet404Response.md
docs/ServiceAccountTokensList200Response.md
docs/ServiceAccountTokensList200ResponseApiTokensInner.md
docs/ServiceAccountsGet200Response.md
docs/ServiceAccountsGet200ResponseServiceAccount.md
docs/ServiceAccountsList200Response.md
docs/ServiceAccountsUpdate200Response.md
docs/ServiceAccountsUpdate200ResponseServiceAccount.md
docs/ServiceAccountsUpdate200ResponseServiceAccountWorkplaceRole.md
docs/ServiceAccountsUpdateRequest.md
docs/ServiceAccountsUpdateRequestWorkplaceRole.md
docs/ServiceTokensCreate200Response.md
docs/ServiceTokensCreate200ResponseToken.md
docs/ServiceTokensCreateRequest.md
docs/ServiceTokensDeleteRequest.md
docs/ServiceTokensList200Response.md
docs/ServiceTokensList200ResponseTokensInner.md
docs/SyncsCreate200Response.md
docs/SyncsCreate200ResponseSync.md
docs/SyncsCreateRequest.md
docs/UsersGet200Response.md
docs/UsersGet200ResponseWorkplaceUser.md
docs/UsersList200Response.md
docs/UsersList200ResponseWorkplaceUsersInner.md
docs/UsersList200ResponseWorkplaceUsersInnerUser.md
docs/UsersUpdateRequest.md
docs/WebhooksAddRequest.md
docs/WebhooksAddRequestAuthentication.md
docs/WebhooksUpdateRequest.md
docs/WorkplaceGet200Response.md
docs/WorkplaceGet200ResponseWorkplace.md
docs/WorkplaceRolesCreate200Response.md
docs/WorkplaceRolesCreate200ResponseRole.md
docs/WorkplaceRolesCreateRequest.md
docs/WorkplaceRolesGet200Response.md
docs/WorkplaceRolesList200Response.md
docs/WorkplaceRolesList200ResponseRolesInner.md
docs/WorkplaceRolesListPermissions200Response.md
docs/WorkplaceRolesUpdateRequest.md
docs/WorkplaceUpdateRequest.md
git_push.sh
src/apis/configuration.rs
src/apis/default_api.rs
src/apis/mod.rs
src/lib.rs
src/models/activity_logs_list_200_response.rs
src/models/activity_logs_list_200_response_logs_inner.rs
src/models/activity_logs_list_200_response_logs_inner_user.rs
src/models/activity_logs_retrieve_200_response.rs
src/models/audit_get_user_200_response.rs
src/models/audit_get_user_200_response_workplace_user.rs
src/models/audit_get_user_200_response_workplace_user_user.rs
src/models/auth_me_200_response.rs
src/models/auth_me_200_response_workplace.rs
src/models/auth_oidc_200_response.rs
src/models/auth_oidc_request.rs
src/models/auth_revoke_request.rs
src/models/change_request_policies_get_200_response.rs
src/models/change_request_policies_get_200_response_policy.rs
src/models/change_request_policies_get_200_response_policy_targets.rs
src/models/change_request_policies_list_200_response.rs
src/models/change_request_policies_list_200_response_policies_inner.rs
src/models/change_request_policies_update_200_response.rs
src/models/change_request_policies_update_200_response_policy.rs
src/models/change_request_policies_update_request.rs
src/models/change_request_policies_update_request_rules_inner.rs
src/models/change_request_policies_update_request_rules_inner_subjects_inner.rs
src/models/change_request_policies_update_request_targets.rs
src/models/config_logs_get_200_response.rs
src/models/config_logs_get_200_response_log.rs
src/models/config_logs_get_200_response_log_diff_inner.rs
src/models/config_logs_list_200_response.rs
src/models/config_logs_list_200_response_logs_inner.rs
src/models/config_logs_list_200_response_logs_inner_user.rs
src/models/config_logs_rollback_200_response.rs
src/models/config_logs_rollback_200_response_log.rs
src/models/config_logs_rollback_200_response_log_diff_inner.rs
src/models/configs_add_trusted_ip_200_response.rs
src/models/configs_add_trusted_ip_request.rs
src/models/configs_clone_request.rs
src/models/configs_create_request.rs
src/models/configs_delete_200_response.rs
src/models/configs_get_200_response.rs
src/models/configs_get_200_response_config.rs
src/models/configs_inheritable_200_response.rs
src/models/configs_inheritable_200_response_config.rs
src/models/configs_inheritable_request.rs
src/models/configs_inherits_200_response.rs
src/models/configs_inherits_200_response_config.rs
src/models/configs_inherits_200_response_config_inherits_inner.rs
src/models/configs_inherits_request.rs
src/models/configs_inherits_request_inherits_inner.rs
src/models/configs_list_200_response.rs
src/models/configs_list_200_response_configs_inner.rs
src/models/configs_list_trusted_ips_200_response.rs
src/models/configs_lock_200_response.rs
src/models/configs_lock_200_response_config.rs
src/models/configs_unlock_request.rs
src/models/configs_update_200_response.rs
src/models/configs_update_200_response_config.rs
src/models/configs_update_request.rs
src/models/dynamic_secrets_issue_lease_200_response.rs
src/models/dynamic_secrets_issue_lease_request.rs
src/models/dynamic_secrets_revoke_lease_request.rs
src/models/environments_create_200_response.rs
src/models/environments_create_request.rs
src/models/environments_list_200_response.rs
src/models/environments_list_200_response_environments_inner.rs
src/models/environments_rename_request.rs
src/models/groups_add_member_request.rs
src/models/groups_create_request.rs
src/models/groups_get_200_response.rs
src/models/groups_get_200_response_group.rs
src/models/groups_get_200_response_group_default_project_role.rs
src/models/groups_get_200_response_group_members_inner.rs
src/models/groups_get_200_response_group_projects_inner.rs
src/models/groups_get_200_response_group_projects_inner_role.rs
src/models/groups_list_200_response.rs
src/models/groups_list_200_response_groups_inner.rs
src/models/groups_update_request.rs
src/models/integrations_create_request.rs
src/models/integrations_get_200_response.rs
src/models/integrations_get_200_response_integration.rs
src/models/integrations_list_200_response.rs
src/models/integrations_list_200_response_integrations_inner.rs
src/models/integrations_update_request.rs
src/models/invites_list_200_response.rs
src/models/invites_list_200_response_invites_inner.rs
src/models/invites_list_200_response_invites_inner_workplace_role.rs
src/models/mod.rs
src/models/project_members_add_200_response.rs
src/models/project_members_add_request.rs
src/models/project_members_list_200_response.rs
src/models/project_members_list_200_response_members_inner.rs
src/models/project_members_list_200_response_members_inner_role.rs
src/models/project_members_update_request.rs
src/models/project_roles_create_request.rs
src/models/project_roles_get_200_response.rs
src/models/project_roles_get_200_response_role.rs
src/models/project_roles_list_200_response.rs
src/models/project_roles_list_permissions_200_response.rs
src/models/project_roles_update_200_response.rs
src/models/project_roles_update_200_response_role.rs
src/models/project_roles_update_request.rs
src/models/projects_create_200_response.rs
src/models/projects_create_200_response_project.rs
src/models/projects_create_request.rs
src/models/projects_delete_request.rs
src/models/projects_list_200_response.rs
src/models/projects_list_200_response_projects_inner.rs
src/models/projects_update_request.rs
src/models/secrets_download_200_response.rs
src/models/secrets_get_200_response.rs
src/models/secrets_list_200_response.rs
src/models/secrets_list_200_response_secrets.rs
src/models/secrets_list_200_response_secrets_algolia.rs
src/models/secrets_list_200_response_secrets_database.rs
src/models/secrets_list_200_response_secrets_stripe.rs
src/models/secrets_list_200_response_secrets_user.rs
src/models/secrets_names_200_response.rs
src/models/secrets_update_200_response.rs
src/models/secrets_update_200_response_secrets.rs
src/models/secrets_update_200_response_secrets_algolia.rs
src/models/secrets_update_200_response_secrets_database.rs
src/models/secrets_update_200_response_secrets_stripe.rs
src/models/secrets_update_note_200_response.rs
src/models/secrets_update_note_request.rs
src/models/secrets_update_request.rs
src/models/secrets_update_request_change_requests_inner.rs
src/models/secrets_update_request_change_requests_inner_original_value_type.rs
src/models/secrets_update_request_change_requests_inner_value_type.rs
src/models/secrets_update_request_secrets.rs
src/models/service_account_tokens_create_200_response.rs
src/models/service_account_tokens_create_200_response_api_token.rs
src/models/service_account_tokens_create_request.rs
src/models/service_account_tokens_get_200_response.rs
src/models/service_account_tokens_get_200_response_api_token.rs
src/models/service_account_tokens_get_404_response.rs
src/models/service_account_tokens_list_200_response.rs
src/models/service_account_tokens_list_200_response_api_tokens_inner.rs
src/models/service_accounts_get_200_response.rs
src/models/service_accounts_get_200_response_service_account.rs
src/models/service_accounts_list_200_response.rs
src/models/service_accounts_update_200_response.rs
src/models/service_accounts_update_200_response_service_account.rs
src/models/service_accounts_update_200_response_service_account_workplace_role.rs
src/models/service_accounts_update_request.rs
src/models/service_accounts_update_request_workplace_role.rs
src/models/service_tokens_create_200_response.rs
src/models/service_tokens_create_200_response_token.rs
src/models/service_tokens_create_request.rs
src/models/service_tokens_delete_request.rs
src/models/service_tokens_list_200_response.rs
src/models/service_tokens_list_200_response_tokens_inner.rs
src/models/syncs_create_200_response.rs
src/models/syncs_create_200_response_sync.rs
src/models/syncs_create_request.rs
src/models/users_get_200_response.rs
src/models/users_get_200_response_workplace_user.rs
src/models/users_list_200_response.rs
src/models/users_list_200_response_workplace_users_inner.rs
src/models/users_list_200_response_workplace_users_inner_user.rs
src/models/users_update_request.rs
src/models/webhooks_add_request.rs
src/models/webhooks_add_request_authentication.rs
src/models/webhooks_update_request.rs
src/models/workplace_get_200_response.rs
src/models/workplace_get_200_response_workplace.rs
src/models/workplace_roles_create_200_response.rs
src/models/workplace_roles_create_200_response_role.rs
src/models/workplace_roles_create_request.rs
src/models/workplace_roles_get_200_response.rs
src/models/workplace_roles_list_200_response.rs
src/models/workplace_roles_list_200_response_roles_inner.rs
src/models/workplace_roles_list_permissions_200_response.rs
src/models/workplace_roles_update_request.rs
src/models/workplace_update_request.rs
